{
    "cycles_program_begin": 1731113889672045,
    "CompileProcesses": [
        "cgproc.178897.json"
    ],
    "rlimit": {
        "data": -1,
        "stack": -1
    },
    "MlibObjs": {},
    "perf": [
        {
            "stat": [
                "main",
                "entry",
                0.010600090026855469,
                0.022793999999999998,
                0.0041440000000000001,
                203220,
                204476,
                0.0,
                0.0,
                1735213967.132823,
                1731113889859843
            ],
            "sub": [
                {
                    "stat": [
                        "doParsingAndDesignResolution",
                        "entry",
                        0.23575401306152344,
                        0.027118,
                        0.0073010000000000002,
                        212920,
                        213720,
                        0.0,
                        0.0,
                        1735213967.3579769,
                        1731114702492196
                    ],
                    "sub": []
                },
                {
                    "stat": [
                        "doParsingAndDesignResolution",
                        "exit",
                        0.24960613250732422,
                        0.037060999999999997,
                        0.015883000000000001,
                        317988,
                        385704,
                        0.0,
                        0.0,
                        1735213967.371829,
                        1731114752499602
                    ],
                    "sub": []
                },
                {
                    "stat": [
                        "doPostDesignResolutionToVir2Vcs",
                        "entry",
                        0.25469398498535156,
                        0.039588999999999999,
                        0.019258999999999998,
                        298752,
                        385704,
                        0.0,
                        0.0,
                        1735213967.3769169,
                        1731114770854704
                    ],
                    "sub": [
                        {
                            "stat": [
                                "doUptoVir2VcsNoSepCleanup",
                                "entry",
                                0.2613060474395752,
                                0.046200999999999999,
                                0.019258999999999998,
                                299284,
                                385704,
                                0.0,
                                0.0,
                                1735213967.3835289,
                                1731114794697470
                            ],
                            "sub": []
                        },
                        {
                            "stat": [
                                "doUptoVir2VcsNoSepCleanup",
                                "exit",
                                0.30875420570373535,
                                0.075856999999999994,
                                0.025284999999999998,
                                312880,
                                385704,
                                0.002552,
                                0.009214,
                                1735213967.4309771,
                                1731114966036396
                            ],
                            "sub": []
                        },
                        {
                            "stat": [
                                "doRadify_vir2vcsAll",
                                "entry",
                                0.30881905555725098,
                                0.075906000000000001,
                                0.025302000000000002,
                                312880,
                                385704,
                                0.014237,
                                0.029295999999999999,
                                1735213967.431042,
                                1731114966152836
                            ],
                            "sub": []
                        },
                        {
                            "stat": [
                                "doRadify_vir2vcsAll",
                                "exit",
                                0.31234598159790039,
                                0.078550999999999996,
                                0.026183000000000001,
                                312880,
                                385704,
                                0.014237,
                                0.029295999999999999,
                                1735213967.4345689,
                                1731114978936172
                            ],
                            "sub": []
                        }
                    ]
                },
                {
                    "stat": [
                        "doPostDesignResolutionToVir2Vcs",
                        "exit",
                        0.31237006187438965,
                        0.078570000000000001,
                        0.026190000000000001,
                        312880,
                        385704,
                        0.014237,
                        0.029295999999999999,
                        1735213967.434593,
                        1731114978966792
                    ],
                    "sub": []
                },
                {
                    "stat": [
                        "doGAToPass2",
                        "entry",
                        0.3123781681060791,
                        0.078575000000000006,
                        0.026190999999999999,
                        312880,
                        385704,
                        0.014237,
                        0.029295999999999999,
                        1735213967.4346011,
                        1731114978987994
                    ],
                    "sub": [
                        {
                            "stat": [
                                "DoPass2",
                                "entry",
                                0.32625913619995117,
                                0.078575000000000006,
                                0.027073,
                                311324,
                                385704,
                                0.021281999999999999,
                                0.035543999999999999,
                                1735213967.448482,
                                1731115029156976
                            ],
                            "sub": []
                        },
                        {
                            "stat": [
                                "DoPass2",
                                "exit",
                                0.41963100433349609,
                                0.16169900000000001,
                                0.037315000000000001,
                                316468,
                                385704,
                                0.021281999999999999,
                                0.035543999999999999,
                                1735213967.5418539,
                                1731115366145416
                            ],