{
    "ObjArchives": [
        {
            "objects": [
                [
                    "reYIK_d.o",
                    43000
                ],
                [
                    "w53B8_d.o",
                    11900
                ],
                [
                    "FiHPh_d.o",
                    12182
                ],
                [
                    "QRQns_d.o",
                    14844
                ],
                [
                    "a3M3m_d.o",
                    10756
                ],
                [
                    "gKx0G_d.o",
                    10490
                ],
                [
                    "IWW0i_d.o",
                    9068
                ],
                [
                    "CrgaQ_d.o",
                    358010
                ],
                [
                    "amcQwB.o",
                    125320
                ]
            ],
            "archive": "archive.0/_178897_archive_1.a",
            "size": 595570
        }
    ],
    "Modules": {
        "...MASTER...": {
            "start_perf": [
                0.32634210586547852,
                0.078575000000000006,
                0.027156,
                311324,
                385704,
                1735213967.448565,
                1731115029404896
            ],
            "nQuads": 12,
            "child_modules": {
                "sp_ram": 1,
                "true_dp_ram": 1,
                "dff": 1,
                "dff_rs": 1,
                "adc_top_tb": 1,
                "simple_dp_ram": 1,
                "std": 1,
                "dff_rs_ld": 1
            },
            "end_perf": [
                0.32824206352233887,
                0.078575000000000006,
                0.029055999999999998,
                312304,
                385704,
                1731115036284928,
                0,
                0
            ],
            "nMops": 23,
            "nRouts": 16
        },
        "simple_dp_ram": {
            "start_perf": [
                0.33668613433837891,
                0.084703000000000001,
                0.031371000000000003,
                313268,
                385704,
                1735213967.458909,
                1731115066731866
            ],
            "nQuads": 171,
            "Compiled": "Yes",
            "child_modules": {},
            "nMops": 328,
            "Compiled Times": 1,
            "end_perf": [
                0.33984804153442383,
                0.087094000000000005,
                0.032141999999999997,
                313268,
                385704,
                1731115078238292,
                17179869185,
                0
            ],
            "nRouts": 33
        },
        "std": {
            "start_perf": [
                0.3282930850982666,
                0.078575000000000006,
                0.029107000000000001,
                312304,
                385704,
                1735213967.450516,
                1731115036440310
            ],
            "child_modules": {},
            "nQuads": 218,
            "Compiled": "Yes",
            "nMops": 528,
            "Compiled Times": 1,
            "end_perf": [
                0.33318018913269043,
                0.082059000000000007,
                0.030509000000000001,
                313268,
                385704,
                1731115054144269,
                8589934594,
                0
            ],
            "svclass": [
                "$vcs_nba_dyn_obj",
                576,
                35,
                2,
                2,
                0,
                "sigprop$$",
                576,
                35,
                2,
                2,
                0,
                "process",
                2380,
                200,
                8,
                8,
                0,
                "event",
                597,
                34,
                2,
                2,
                0,
                "mailbox",
                1769,
                140,
                9,
                9,
                0,
                "semaphore",
                1119,
                84,
                5,
                5,
                0
            ],
            "nRouts": 33
        },
        "sp_ram": {
            "start_perf": [
                0.33321809768676758,
                0.082087999999999994,
                0.030519000000000001,
                313268,
                385704,
                1735213967.455441,
                1731115054210767
            ],
            "nQuads": 161,
            "Compiled": "Yes",
            "child_modules": {},
            "nMops": 327,
            "Compiled Times": 1,
            "end_perf": [
                0.3366401195526123,
                0.084668999999999994,
                0.031357999999999997,
                313268,
                385704,
                1731115066667922,
                12884901889,
                0
            ],
            "nRouts": 30
        },
        "true_dp_ram": {
            "start_perf": [
                0.33988809585571289,
                0.087123999999999993,
                0.032153000000000001,
                313268,
                385704,
                1735213967.462111,
                1731115078295312
            ],
            "nQuads": 279,
            "Compiled": "Yes",
            "child_modules": {},
            "nMops": 595,
            "Compiled Times": 1,
            "end_perf": [
                0.34392213821411133,
                0.090150999999999995,
                0.033159000000000001,
                313268,
                385704,
                1731115092885055,
                21474836481,
                0
            ],
            "nRouts": 44
        },
        "dff": {
            "start_perf": [
                0.34787607192993164,
                0.093120999999999995,
                0.034144000000000001,
                313268,
                385704,
                1735213967.470099,
                1731115107127645
            ],
            "nQuads": 61,
            "Compiled": "Yes",
            "child_modules": {},
            "nMops": 116,
            "Compiled Times": 1,
            "end_perf": [
                0.34924006462097168,
                0.094395999999999994,
                0.034230999999999998,
                313268,
                385704,
                1731115112073423,
                34359738369,
                0
            ],
            "nRouts": 18
        },
        "dff_rs_ld": {
            "start_perf": [
                0.34394502639770508,
                0.090167999999999998,
                0.033165,
                313268,
                385704,
                1735213967.4661679,
                1731115092929117
            ],
            "nQuads": 116,
            "Compiled": "Yes",
            "child_modules": {},
            "nMops": 227,
            "Compiled Times": 1,
            "end_perf": [
                0.34607100486755371,
                0.092279,
                0.033179,
                313268,
                385704,
                1731115100770153,
                25769803777,
                0
            ],
            "nRouts": 26
        },
        "dff_rs": {
            "start_perf": [
                0.3461301326751709,
                0.092323000000000002,
                0.033195000000000002,
                313268,
                385704,
                1735213967.468353,
                1731115100814593
            ],
            "nQuads": 105,
            "Compiled": "Yes",
            "child_modules": {},
            "nMops": 208,
            "Compiled Times": 1,