{
    "cpu_cycles_pass2_start": 66892652846320,
    "SIMBData": {
        "out": "amcQwB.o",
        "text": 0,
        "bytes": 116252,
        "archive": "archive.0/_19238_archive_1.a"
    },
    "cycles_program_begin": 66891493127012,
    "perf": [
        {
            "stat": [
                "main",
                "entry",
                0.010437965393066406,
                0.024015999999999999,
                0.0018439999999999999,
                203220,
                204476,
                0.0,
                0.0,
                1727004505.6891589,
                66891493306994
            ],
            "sub": [
                {
                    "stat": [
                        "doParsingAndDesignResolution",
                        "entry",
                        0.28088212013244629,
                        0.027702000000000001,
                        0.013851,
                        212920,
                        213720,
                        0.0,
                        0.0,
                        1727004505.9596031,
                        66892469605920
                    ],
                    "sub": []
                },
                {
                    "stat": [
                        "doParsingAndDesignResolution",
                        "exit",
                        0.29015612602233887,
                        0.030707999999999999,
                        0.020455999999999998,
                        315900,
                        383556,
                        0.0,
                        0.0,
                        1727004505.9688771,
                        66892502917731
                    ],
                    "sub": []
                },
                {
                    "stat": [
                        "doPostDesignResolutionToVir2Vcs",
                        "entry",
                        0.29340815544128418,
                        0.031378000000000003,
                        0.023677,
                        297868,
                        383556,
                        0.0,
                        0.0,
                        1727004505.9721291,
                        66892514682976
                    ],
                    "sub": [
                        {
                            "stat": [
                                "doUptoVir2VcsNoSepCleanup",
                                "entry",
                                0.29486393928527832,
                                0.032134000000000003,
                                0.024376999999999999,
                                298124,
                                383556,
                                0.0,
                                0.0,
                                1727004505.9735849,
                                66892519867250
                            ],
                            "sub": []
                        },
                        {
                            "stat": [
                                "doUptoVir2VcsNoSepCleanup",
                                "exit",
                                0.3137209415435791,
                                0.036506999999999998,
                                0.027656,
                                298892,
                                383556,
                                0.0038570000000000002,
                                0.0074209999999999996,
                                1727004505.9924419,
                                66892587976020
                            ],
                            "sub": []
                        },
                        {
                            "stat": [
                                "doRadify_vir2vcsAll",
                                "entry",
                                0.31375908851623535,
                                0.036528999999999999,
                                0.027673,
                                298892,
                                383556,
                                0.0038570000000000002,
                                0.0074209999999999996,
                                1727004505.99248,
                                66892588048416
                            ],
                            "sub": []
                        },
                        {
                            "stat": [
                                "doRadify_vir2vcsAll",
                                "exit",
                                0.31536197662353516,
                                0.036805999999999998,
                                0.028999,
                                300492,
                                383556,
                                0.0038570000000000002,
                                0.0074209999999999996,
                                1727004505.9940829,
                                66892593885036
                            ],
                            "sub": []
                        }
                    ]
                },
                {
                    "stat": [
                        "doPostDesignResolutionToVir2Vcs",
                        "exit",
                        0.31538510322570801,
                        0.036818999999999998,
                        0.029009,
                        300492,
                        383556,
                        0.0038570000000000002,
                        0.0074209999999999996,
                        1727004505.9941061,
                        66892593914378
                    ],
                    "sub": []
                },
                {
                    "stat": [
                        "doGAToPass2",
                        "entry",
                        0.31539201736450195,
                        0.036823000000000002,
                        0.029012,
                        300492,
                        383556,
                        0.0038570000000000002,
                        0.0074209999999999996,
                        1727004505.994113,
                        66892593935434
                    ],
                    "sub": [
                        {
                            "stat": [
                                "DoPass2",
                                "entry",
                                0.33169007301330566,
                                0.036823000000000002,
                                0.029773999999999998,
                                298936,
                                383556,
                                0.013006999999999999,
                                0.014061000000000001,
                                1727004506.010411,
                                66892652837264
                            ],
                            "sub": []
                        },
                        {
                            "stat": [
                                "DoPass2",
                                "exit",
                                0.34419107437133789,
                                0.045508,
                                0.033589000000000001,
                                308412,
                                383556,
                                0.013006999999999999,
                                0.014061000000000001,
                                1727004506.022912,
                                66892697917870
                            ],