{
    "Modules": {
        "...MASTER...": {
            "start_perf": [
                0.60822200775146484,
                0.12091399999999999,
                0.144284,
                298936,
                380996,
                1727089400.3192749,
                137789542117538
            ],
            "child_modules": {
                "pi_ctrl_top_tb": 1,
                "std": 1
            },
            "nRouts": 5,
            "end_perf": [
                0.61457014083862305,
                0.126111,
                0.14543500000000001,
                303404,
                380996,
                137789565062646,
                0,
                0
            ],
            "nMops": 0,
            "nQuads": 0
        },
        "pi_ctrl_top_tb": {
            "Compiled Times": 1,
            "start_perf": [
                0.62964105606079102,
                0.132128,
                0.15448899999999999,
                305728,
                380996,
                1727089400.340694,
                137789619418248
            ],
            "child_modules": {},
            "nMops": 786,
            "nQuads": 301,
            "Compiled": "Yes",
            "nRouts": 46,
            "end_perf": [
                0.6426231861114502,
                0.134046,
                0.16552600000000001,
                307392,
                380996,
                137789666383549,
                17179869185,
                0
            ]
        },
        "std": {
            "start_perf": [
                0.61466002464294434,
                0.12615299999999999,
                0.145483,
                303404,
                380996,
                1727089400.3257129,
                137789565351820
            ],
            "Compiled Times": 1,
            "child_modules": {},
            "nMops": 528,
            "Compiled": "Yes",
            "nQuads": 218,
            "end_perf": [
                0.629608154296875,
                0.13211300000000001,
                0.15447,
                305728,
                380996,
                137789619357452,
                8589934594,
                0
            ],
            "svclass": [
                "$vcs_nba_dyn_obj",
                576,
                35,
                2,
                2,
                0,
                "sigprop$$",
                576,
                35,
                2,
                2,
                0,
                "process",
                2380,
                200,
                8,
                8,
                0,
                "event",
                597,
                34,
                2,
                2,
                0,
                "mailbox",
                1769,
                140,
                9,
                9,
                0,
                "semaphore",
                1119,
                84,
                5,
                5,
                0
            ],
            "nRouts": 33
        }
    },
    "stat": {
        "peak_mem_kb": 380996,
        "ru_self_end": {
            "ru_nvcsw": 46,
            "ru_utime_sec": 0.13492399999999999,
            "ru_minflt": 13429,
            "ru_stime_sec": 0.17651700000000001,
            "ru_maxrss_kb": 120912,
            "ru_majflt": 0,
            "ru_nivcsw": 21
        },
        "ru_childs_end": {
            "ru_nvcsw": 25,
            "ru_utime_sec": 0.031538999999999998,
            "ru_minflt": 4514,
            "ru_stime_sec": 0.048172,
            "ru_maxrss_kb": 111620,
            "ru_majflt": 0,
            "ru_nivcsw": 3
        },
        "cpu_cycles_end": 137789709106258
    },
    "CompUnits": {
        "amcQw_d": {
            "mod": "...MASTER...",
            "out": "objs/amcQw_d.o",
            "bytes": 7832,
            "text": 434,
            "mode": 4,
            "checksum": 0
        },
        "reYIK_d": {
            "cls": 7017,
            "mod": "std",
            "archive": "archive.0/_26985_archive_1.a",
            "out": "reYIK_d.o",
            "bytes": 43000,
            "text": 7325,
            "mode": 4,
            "checksum": 0
        },
        "M9kEQ_d": {
            "mod": "pi_ctrl_top_tb",
            "archive": "archive.0/_26985_archive_1.a",
            "out": "M9kEQ_d.o",
            "bytes": 20582,
            "text": 7233,
            "mode": 4,
            "checksum": 0
        }
    },
    "reusePaths": {},
    "ObjArchives": [
        {
            "archive": "archive.0/_26985_archive_1.a",
            "objects": [
                [
                    "reYIK_d.o",
                    43000
                ],
                [
                    "M9kEQ_d.o",
                    20582
                ],
                [
                    "amcQwB.o",
                    116252
                ]
            ],
            "size": 179834
        }
    ]
}