{
    "Modules": {
        "...MASTER...": {
            "start_perf": [
                0.21413516998291016,
                0.027612000000000001,
                0.030880000000000001,
                298936,
                383560,
                1727011660.8359711,
                1271697486806
            ],
            "nMops": 0,
            "child_modules": {
                "std": 1,
                "pi_ctrl_top_tb": 1
            },
            "nQuads": 0,
            "end_perf": [
                0.21560406684875488,
                0.027612000000000001,
                0.032348000000000002,
                303400,
                383560,
                1271702818174,
                0,
                0
            ],
            "nRouts": 5
        },
        "std": {
            "start_perf": [
                0.21566200256347656,
                0.027612000000000001,
                0.032406999999999998,
                303400,
                383560,
                1727011660.8374979,
                1271703001634
            ],
            "child_modules": {},
            "nMops": 528,
            "Compiled": "Yes",
            "end_perf": [
                0.21977496147155762,
                0.028365000000000001,
                0.035764999999999998,
                305724,
                383560,
                1271717872493,
                8589934594,
                0
            ],
            "nQuads": 218,
            "svclass": [
                "$vcs_nba_dyn_obj",
                576,
                35,
                2,
                2,
                0,
                "sigprop$$",
                576,
                35,
                2,
                2,
                0,
                "process",
                2380,
                200,
                8,
                8,
                0,
                "event",
                597,
                34,
                2,
                2,
                0,
                "mailbox",
                1769,
                140,
                9,
                9,
                0,
                "semaphore",
                1119,
                84,
                5,
                5,
                0
            ],
            "Compiled Times": 1,
            "nRouts": 33
        },
        "pi_ctrl_top_tb": {
            "start_perf": [
                0.21979999542236328,
                0.028375999999999998,
                0.035778999999999998,
                305724,
                383560,
                1727011660.8416359,
                1271717927041
            ],
            "nMops": 786,
            "child_modules": {},
            "nQuads": 301,
            "end_perf": [
                0.22463202476501465,
                0.030256999999999999,
                0.038729,
                307388,
                383560,
                1271735413147,
                17179869185,
                0
            ],
            "Compiled": "Yes",
            "Compiled Times": 1,
            "nRouts": 46
        }
    },
    "reusePaths": {},
    "CompUnits": {
        "amcQw_d": {
            "out": "objs/amcQw_d.o",
            "mod": "...MASTER...",
            "bytes": 7832,
            "text": 434,
            "mode": 4,
            "checksum": 0
        },
        "reYIK_d": {
            "out": "reYIK_d.o",
            "mod": "std",
            "bytes": 43000,
            "text": 7325,
            "checksum": 0,
            "cls": 7017,
            "mode": 4,
            "archive": "archive.0/_5465_archive_1.a"
        },
        "M9kEQ_d": {
            "out": "M9kEQ_d.o",
            "mod": "pi_ctrl_top_tb",
            "bytes": 20582,
            "text": 7233,
            "mode": 4,
            "checksum": 0,
            "archive": "archive.0/_5465_archive_1.a"
        }
    },
    "stat": {
        "cpu_cycles_end": 1271744549994,
        "ru_self_end": {
            "ru_nivcsw": 12,
            "ru_utime_sec": 0.030834,
            "ru_stime_sec": 0.040701000000000001,
            "ru_maxrss_kb": 120860,
            "ru_minflt": 13416,
            "ru_majflt": 0,
            "ru_nvcsw": 49
        },
        "ru_childs_end": {
            "ru_nivcsw": 1,
            "ru_utime_sec": 0.0088959999999999994,
            "ru_stime_sec": 0.014411,
            "ru_maxrss_kb": 111696,
            "ru_minflt": 4482,
            "ru_majflt": 0,
            "ru_nvcsw": 26
        },
        "peak_mem_kb": 383560
    },
    "ObjArchives": [
        {
            "archive": "archive.0/_5465_archive_1.a",
            "objects": [
                [
                    "reYIK_d.o",
                    43000
                ],
                [
                    "M9kEQ_d.o",
                    20582
                ],
                [
                    "amcQwB.o",
                    116252
                ]
            ],
            "size": 179834
        }
    ]
}