{
    "Modules": {
        "...MASTER...": {
            "start_perf": [
                0.23260903358459473,
                0.042991000000000001,
                0.029360000000000001,
                298936,
                383556,
                1731038859.7328069,
                2252740198299994
            ],
            "child_modules": {
                "pi_ctrl_top_tb": 1,
                "std": 1
            },
            "nQuads": 0,
            "end_perf": [
                0.23424816131591797,
                0.042991000000000001,
                0.030998000000000001,
                303404,
                383556,
                2252740204239149,
                0,
                0
            ],
            "nMops": 0,
            "nRouts": 5
        },
        "pi_ctrl_top_tb": {
            "start_perf": [
                0.23905515670776367,
                0.047692999999999999,
                0.031104,
                305720,
                383556,
                1731038859.739253,
                2252740221562721
            ],
            "child_modules": {},
            "nRouts": 46,
            "Compiled": "Yes",
            "Compiled Times": 1,
            "nQuads": 301,
            "end_perf": [
                0.24387502670288086,
                0.051214999999999997,
                0.032400999999999999,
                307384,
                383556,
                2252740238996607,
                17179869185,
                0
            ],
            "nMops": 786
        },
        "std": {
            "start_perf": [
                0.2342982292175293,
                0.042991000000000001,
                0.031049,
                303404,
                383556,
                1731038859.7344961,
                2252740204398206
            ],
            "child_modules": {},
            "Compiled": "Yes",
            "Compiled Times": 1,
            "nQuads": 218,
            "end_perf": [
                0.23902702331542969,
                0.047676000000000003,
                0.031092999999999999,
                305720,
                383556,
                2252740221502787,
                8589934594,
                0
            ],
            "svclass": [
                "$vcs_nba_dyn_obj",
                576,
                35,
                2,
                2,
                0,
                "sigprop$$",
                576,
                35,
                2,
                2,
                0,
                "process",
                2380,
                200,
                8,
                8,
                0,
                "event",
                597,
                34,
                2,
                2,
                0,
                "mailbox",
                1769,
                140,
                9,
                9,
                0,
                "semaphore",
                1119,
                84,
                5,
                5,
                0
            ],
            "nMops": 528,
            "nRouts": 33
        }
    },
    "CompUnits": {
        "amcQw_d": {
            "mod": "...MASTER...",
            "bytes": 7832,
            "out": "objs/amcQw_d.o",
            "text": 434,
            "mode": 4,
            "checksum": 0
        },
        "M9kEQ_d": {
            "mod": "pi_ctrl_top_tb",
            "bytes": 20582,
            "out": "M9kEQ_d.o",
            "text": 7233,
            "mode": 4,
            "checksum": 0,
            "archive": "archive.0/_348439_archive_1.a"
        },
        "reYIK_d": {
            "mod": "std",
            "bytes": 43000,
            "out": "reYIK_d.o",
            "text": 7325,
            "mode": 4,
            "cls": 7017,
            "checksum": 0,
            "archive": "archive.0/_348439_archive_1.a"
        }
    },
    "reusePaths": {},
    "ObjArchives": [
        {
            "archive": "archive.0/_348439_archive_1.a",
            "objects": [
                [
                    "reYIK_d.o",
                    43000
                ],
                [
                    "M9kEQ_d.o",
                    20582
                ],
                [
                    "amcQwB.o",
                    116252
                ]
            ],
            "size": 179834
        }
    ],
    "stat": {
        "ru_self_end": {
            "ru_nvcsw": 48,
            "ru_stime_sec": 0.033459000000000003,
            "ru_utime_sec": 0.052912000000000001,
            "ru_nivcsw": 6,
            "ru_maxrss_kb": 120952,
            "ru_minflt": 13402,
            "ru_majflt": 0
        },
        "ru_childs_end": {
            "ru_nvcsw": 24,
            "ru_stime_sec": 0.01915,
            "ru_utime_sec": 0.0066449999999999999,
            "ru_nivcsw": 7,
            "ru_maxrss_kb": 111660,
            "ru_minflt": 4510,
            "ru_majflt": 0
        },
        "peak_mem_kb": 383556,
        "cpu_cycles_end": 2252740248887796
    }
}